type,title,url,id,code,date_edition,date_limite,metier,niveau,experience,lieu,date_publication,entreprise,description_poste,profil_poste,dossier_candidature,email_candidature,description_complete
Emploi,MANŒUVRE AGRICOLE,https://emploi.educarriere.ci/offre-129972-man-uvre-agricole.html,129972,125795,11/03/2025,24/03/2025,"Agriculture, Agronomie, Elevage",BEPC,,Abidjan ( Kodiakro),11/03/2025,Manœuvre Agricole,,,,,Description du posteManœuvre AgricoleProfil du posteManœuvre AgricoleDossiers de candidatureCV et lettre de motivation à dekakouame@gmail.com
Stage,STAGIAIRE MARKETTING,https://emploi.educarriere.ci/offre-129971-stagiaire-marketting.html,129971,125794,11/03/2025,24/03/2025,Marketing,"BAC+4, BAC+3",1 ans,Abidjan,11/03/2025,"Entreprise spécialisée dans le marketing opérationnel, offrant des solutions créatives et stratégiques à des entreprises de divers secteurs. Nous recherchons un(e) stagiaire motivé(e) pour rejoindre notre équipe et participer à la mise en place de projets marketing opérationnels pour nos clients.

•	Participer à la gestion et à l’optimisation des campagnes marketing sur différents canaux (digital, événements, promotions en point de vente).
•	Contribuer à l’élaboration de la stratégie marketing et à l’activation des projets sur le terrain.
•	Suivre et analyser les performances des actions menées, et proposer des ajustements.
•	Aider à la création de supports de communication pour les campagnes (emails, flyers, affiches, etc.).
•	Collaborer avec les équipes commerciales et créatives pour assurer le bon déroulement des projets.",,,,,"Description du posteEntreprise spécialisée dans le marketing opérationnel, offrant des solutions créatives et stratégiques à des entreprises de divers secteurs. Nous recherchons un(e) stagiaire motivé(e) pour rejoindre notre équipe et participer à la mise en place de projets marketing opérationnels pour nos clients.

•	Participer à la gestion et à l’optimisation des campagnes marketing sur différents canaux (digital, événements, promotions en point de vente).
•	Contribuer à l’élaboration de la stratégie marketing et à l’activation des projets sur le terrain.
•	Suivre et analyser les performances des actions menées, et proposer des ajustements.
•	Aider à la création de supports de communication pour les campagnes (emails, flyers, affiches, etc.).
•	Collaborer avec les équipes commerciales et créatives pour assurer le bon déroulement des projets.Profil du poste•	Étudiant(e) en marketing, communication, ou domaine similaire.
•	Intérêt pour le marketing opérationnel et les actions terrain.
•	Bonne maîtrise des outils bureautiques (Excel, PowerPoint, Word), et des outils de communication digitale est un plus.
•	Créativité, sens de l’organisation, et capacité à travailler en équipe.Dossiers de candidatureCV+LM à L adresse suivante: recrutement.rh.r225@gmail.com avec en objet : STAGIAIRE MARKETING"
Stage,MANOEUVRE SPECIALISÉ,https://emploi.educarriere.ci/offre-129970-manoeuvre-specialise.html,129970,125793,11/03/2025,24/03/2025,"Electromécanique, Electrotechnique/Electricité","CAP, BT",,Côte d'Ivoire,11/03/2025,LECAT,,"Le candidat devra  - Avoir un Niveau BT ou CAP - Avoir une connaissance en informatique, - Savoir lire et écrire, - Etre courtois, respectueux sociable, - Etre capable de travailler en équipe et sous pression.",cv à envoyé à l'adresse mail suivant : recrutement@labolecat.com  Veuillez mentionner l'intitulé du poste en objet,recrutement@labolecat.com,"LECAT
recrute
MANOEUVRE SPECIALISÉ
 
Profil du poste
Le candidat devra  - Avoir un Niveau BT ou CAP - Avoir une connaissance en informatique, - Savoir lire et écrire, - Etre courtois, respectueux sociable, - Etre capable de travailler en équipe et sous pression.
Dossiers de candidature
cv à envoyé à l'adresse mail suivant : recrutement@labolecat.com  Veuillez mentionner l'intitulé du poste en objet"
Emploi,01 RESPONSABLE BUREAU D’ETUDES (H/F),https://emploi.educarriere.ci/offre-129969-01-responsable-bureau-d-etudes-h-f.html,129969,125792,11/03/2025,24/03/2025,Mécanique,BAC+5,7 ans,Côte d'Ivoire,11/03/2025,VARIANCE GRH,"Placé sous la supervision directe de la Direction Générale, le Responsable Bureau d’Etudes a essentiellement pour mission d’assurer le suivi des études de chiffrage et d’exécution, et de coordonner les activités du Bureau d’études.  A cet effet, ses attributions sont les suivantes :  - Mener des études de conception (dimensionnement, solidité des éléments...) ; - Faire les études et notes de calculs de conception et les faire valider par les organismes de contrôles de structure, métrés, montage de dossier d’appel d’offres, contrôle et suivi des travaux ; - Déterminer les moyens nécessaires à la production et analyser les données d’activité ; - Effectuer des simulations pour déterminer les procédés techniques à utiliser ; - Réaliser les dessins d’équipements, de charpente métallique, métré tout corps d’état ; - Elaborer le budget de chantier (DQE) ; - Monter les dossiers d’appels d’offres ; - Faire un suivi et contrôle du chantier ; - Négocier et contracter les modifications ou extensions des travaux ; - Rédiger les rapports d’activités et des études réalisées ; - Représenter l’entreprise au cours des réunions de chantiers et/ou avec les partenaires ; - Assurer un appui technico-commercial : vendre des équipements professionnels aux entreprises et les adapter aux besoins particuliers des clients ; - Assurer l’encadrement et la formation du personnel du Bureau d’études ; - Faire la veille normative ; - Veiller au suivi des plannings.","Avec une expérience avérée de plus de sept (7) années à un poste similaire, vous êtes Ingénieur ou titulaire d’un BAC+5 en Mécanique. En plus de la maitrise du Pack Office, vous avez une bonne pratique des logiciels AUTOCAD, INVENTOR, REVIT, SolidWorks. Organisé, rigoureux, créatif, pragmatique, méthodique, planificateur et doté d’une vision stratégique, vous êtes apte à travailler sous pression et sur plusieurs projets à la fois dans le respect des procédures établies. Par ailleurs, disponible, dynamique et résistant au stress, votre sens de l’écoute, de la communication, de contrôle et du management cumulé à votre capacité d’anticipation et d’adaptation vous permettront de tenir ce poste.  NB : Être parfaitement bilingue (Français/Anglais)","Merci de nous envoyer avant le 24/02/2025, lettre de motivation avec prétentions salariales, 02 photos et CV à VARIANCE GRH sis : TREICHVILLE, Avenue 17 rue 38. tel : 27 21 74 68 14 ; 01 40-65-80-31 / 05 75 13 46 65 Site web : www.variancegrh.com/Emploi  Email: recrutement@variancegrh.com",recrutement@variancegrh.com,"VARIANCE GRH
RECRUTE POUR UNE IMPORTANTE ENTREPRISE DANS  LE DOMAINE DE L’INGIENIERIE, LA FABRICATION ET LES TRAVAUX INDUSTRIELS
01 RESPONSABLE BUREAU D’ETUDES (H/F)
 
Description du poste
Placé sous la supervision directe de la Direction Générale, le Responsable Bureau d’Etudes a essentiellement pour mission d’assurer le suivi des études de chiffrage et d’exécution, et de coordonner les activités du Bureau d’études.  A cet effet, ses attributions sont les suivantes :  - Mener des études de conception (dimensionnement, solidité des éléments...) ; - Faire les études et notes de calculs de conception et les faire valider par les organismes de contrôles de structure, métrés, montage de dossier d’appel d’offres, contrôle et suivi des travaux ; - Déterminer les moyens nécessaires à la production et analyser les données d’activité ; - Effectuer des simulations pour déterminer les procédés techniques à utiliser ; - Réaliser les dessins d’équipements, de charpente métallique, métré tout corps d’état ; - Elaborer le budget de chantier (DQE) ; - Monter les dossiers d’appels d’offres ; - Faire un suivi et contrôle du chantier ; - Négocier et contracter les modifications ou extensions des travaux ; - Rédiger les rapports d’activités et des études réalisées ; - Représenter l’entreprise au cours des réunions de chantiers et/ou avec les partenaires ; - Assurer un appui technico-commercial : vendre des équipements professionnels aux entreprises et les adapter aux besoins particuliers des clients ; - Assurer l’encadrement et la formation du personnel du Bureau d’études ; - Faire la veille normative ; - Veiller au suivi des plannings.
Profil du poste
Avec une expérience avérée de plus de sept (7) années à un poste similaire, vous êtes Ingénieur ou titulaire d’un BAC+5 en Mécanique. En plus de la maitrise du Pack Office, vous avez une bonne pratique des logiciels AUTOCAD, INVENTOR, REVIT, SolidWorks. Organisé, rigoureux, créatif, pragmatique, méthodique, planificateur et doté d’une vision stratégique, vous êtes apte à travailler sous pression et sur plusieurs projets à la fois dans le respect des procédures établies. Par ailleurs, disponible, dynamique et résistant au stress, votre sens de l’écoute, de la communication, de contrôle et du management cumulé à votre capacité d’anticipation et d’adaptation vous permettront de tenir ce poste.  NB : Être parfaitement bilingue (Français/Anglais)
Dossiers de candidature
Merci de nous envoyer avant le 24/02/2025, lettre de motivation avec prétentions salariales, 02 photos et CV à VARIANCE GRH sis : TREICHVILLE, Avenue 17 rue 38. tel : 27 21 74 68 14 ; 01 40-65-80-31 / 05 75 13 46 65 Site web : www.variancegrh.com/Emploi  Email: recrutement@variancegrh.com"
Emploi,COMPTABLE - EMPLOI CDD/CDI (H/F),https://emploi.educarriere.ci/offre-129968-comptable-emploi-cdd-cdi-h-f.html,129968,125791,11/03/2025,24/03/2025,Informatique,"BAC+3, BAC+4",4 ans,COCODY RIVIERA BONOUMIN,11/03/2025,FYLE GROUP,"Il s'agira pour vous de : - traiter les factures - faire les déclarations - faire des saisies dans le logiciel SAARI, - faire les états financiers - faire des courses administratives - faire d'autres tâches","- Etre comptable de formation, - Avoir au moins 4 ans d'expérience dans la pratique de la comptabilité. - Etre capable d'utiliser SAARI I7 - Avoir de l'expérience dans le secteur Informatique",Envoyez votre Cv avec photo + Lettre de motivation + prétention salariale dans le corps du mail à recrutement@fyle-group.com  avant le 24/03/2025,recrutement@fyle-group.com,"FYLE GROUP
recrute
COMPTABLE (H/F)
 
Description du poste
Il s'agira pour vous de : - traiter les factures - faire les déclarations - faire des saisies dans le logiciel SAARI, - faire les états financiers - faire des courses administratives - faire d'autres tâches
Profil du poste
- Etre comptable de formation, - Avoir au moins 4 ans d'expérience dans la pratique de la comptabilité. - Etre capable d'utiliser SAARI I7 - Avoir de l'expérience dans le secteur Informatique
Dossiers de candidature
Envoyez votre Cv avec photo + Lettre de motivation + prétention salariale dans le corps du mail à recrutement@fyle-group.com  avant le 24/03/2025"
Emploi,05 ASSISTANTES JURIDIQUES,https://emploi.educarriere.ci/offre-129967-05-assistantes-juridiques.html,129967,125790,11/03/2025,24/03/2025,Juridique/Droit,"BAC+7 et plus, BAC+6, BAC+5, BAC+4, BAC+3, BAC+2",,Cocody Angré 8ème tranche,11/03/2025,"Dans le cadre du développement de ses activités, CAGESSTRA (Cabinet de Gestion Stratégique) et ses Partenaires, recrutent cinq (05) Assistantes Juridiques résidant dans la commune de Cocody.

TRAVAIL A FAIRE
Cette personne doit s’y connaître :
•	Conseil et Assistance Juridique
•	Organisation et suivi et des tâches du service juridique
•	Préparation des dossiers juridiques du cabinet
•	Préparation des dossiers à transmettre aux axillaires de justice
•	Préparation et rédaction des actes simples (Compte-Rendu, note de synthèse)
•	Réception, constitution et rangement des dossiers juridiques 
•	Rédaction des différents contrats du Cabinet
•	Veille Juridique
•	Mise en œuvre des formalités administratives et des procédures juridiques.",,,,,"Description du posteDans le cadre du développement de ses activités, CAGESSTRA (Cabinet de Gestion Stratégique) et ses Partenaires, recrutent cinq (05) Assistantes Juridiques résidant dans la commune de Cocody.

TRAVAIL A FAIRE
Cette personne doit s’y connaître :
•	Conseil et Assistance Juridique
•	Organisation et suivi et des tâches du service juridique
•	Préparation des dossiers juridiques du cabinet
•	Préparation des dossiers à transmettre aux axillaires de justice
•	Préparation et rédaction des actes simples (Compte-Rendu, note de synthèse)
•	Réception, constitution et rangement des dossiers juridiques 
•	Rédaction des différents contrats du Cabinet
•	Veille Juridique
•	Mise en œuvre des formalités administratives et des procédures juridiques.Profil du postePROFIL
-	Être âgée de 25  à 45 ans au plus ;
-	Avoir le niveau minimum de BAC + 2 et  plus
-	Bonne capacité rédactionnelle
-	Maîtrise parfaite de l’outil informatique (Word, Excel, Internet et réseaux sociaux)Dossiers de candidaturePIECES A FOURNIR
-	Fournir uniquement un CV tenant sur une seule page avec photo couleur
-	Indiquer la commune et le quartier où vous résidez en tête du CV
-	Indiquer un seul contact téléphonique (N° WhatsApp)
-	Indiquer une adresse mail valide 
-	Envoyer le CV par mail à l’adresse suivante : cagesstra.info@gmail.com
NB : -	Seules les personnes qui seront retenues pourront être contactées pour l’entretien au siège de l’entreprise CAGESSTRA.
-	Délivrance d’attestation de stage ou un certificat de travail en fin de contrat.
Rémunération : 150 000 F CFA / mois
Situation géographique : Abidjan-Cocody-Angré 8ème  tranche, entre la CIE et le Super Marché AUCHAN, en face de la Station SHELL-KFC, dans l’Immeuble LA RESIDENCE DE LA PAIX, 1er Etage porte A4-2, dans le même immeuble que CHIKEN NATION.
Tél : 27 24 58 55 25 / 05 66 24 71 71 / 05 66 02 16 16     Email : cagesstra.info@gmail.com"
Stage,STATIAIRE  INFOGRAPHE (PERFECTIONNEMENT),https://emploi.educarriere.ci/offre-129965-statiaire-infographe-perfectionnement.html,129965,125788,11/03/2025,31/03/2025,"Communication, Infographie",BAC+2,1 ans,Abidjan Cocody Angré CHU,11/03/2025,"Sous supervision et instruction du responsable a le communication, le stagiaire aidera :

Mise en place d’une charte graphique
* Conception de logos avec modélisation 3D
* Conception d’affiches,
* Montage vidéo


BAC+2 en infographiste, web design, multimédia, communication

* Force de proposition
* Faire preuve de réactivité

PRIME : 60.000 FCFA",,,,,"Description du posteSous supervision et instruction du responsable a le communication, le stagiaire aidera :

Mise en place d’une charte graphique
* Conception de logos avec modélisation 3D
* Conception d’affiches,
* Montage vidéo


BAC+2 en infographiste, web design, multimédia, communication

* Force de proposition
* Faire preuve de réactivité

PRIME : 60.000 FCFAProfil du posteSavoir-faire :

•Mise en place d’une charte graphique
* Conception de logos avec modélisation 3D
* Conception d’affiches et d’emballages de produits divers.
* Très bonne maitrise des logiciels d’image et vidéo (Adobe Photoshop)
* Doté une grande imagination
* Un grand Créatif
* Esprit d’anticipation et force de proposition
* Réactif et persévérant
. Montage vidéoDossiers de candidatureMerci d’envoyer votre candidature sur l’email suivant : recrutementgkgroup@gmail.com


* CV
* portefolio"
Emploi,FOREUR MINIER,https://emploi.educarriere.ci/offre-129964-foreur-minier.html,129964,125787,11/03/2025,31/03/2025,Généraliste,"BAC, BT",2 ans,Côte d'Ivoire,11/03/2025,"SNS recrute pour un client dans le secteur minier à Abidjan un Foreur minier

Le foreur minier est responsable des opérations de forage en respectant les normes de sécurité.

Le titulaire du poste doit :

Installer et manipuler les équipements de fourrage.

Suivre les plans de fourrage et les consignes de sécurité.

Assurer l’entretien et la maintenance des outils.

Contrôler la qualité des fourrages effectués.",,,,,"Description du posteSNS recrute pour un client dans le secteur minier à Abidjan un Foreur minier

Le foreur minier est responsable des opérations de forage en respectant les normes de sécurité.

Le titulaire du poste doit :

Installer et manipuler les équipements de fourrage.

Suivre les plans de fourrage et les consignes de sécurité.

Assurer l’entretien et la maintenance des outils.

Contrôler la qualité des fourrages effectués.Profil du posteDiplôme : BAC/ BT

Expérience : 2 ans minimum en forage minierDossiers de candidatureCandidature : Envoyez votre CV à recrutement@sns.ci avec l'objet : ""Foreur minier"".

Date limite : Offre valable jusqu’au 31/03/2025"
Stage,STATIAIRE  ASSISTANTE DU DIRECTEUR GÉNÉRAL,https://emploi.educarriere.ci/offre-129963-statiaire-assistante-du-directeur-general.html,129963,125786,11/03/2025,30/03/2025,"Commerce et Administration des Entreprises, Communication, Commerce/Ventes, Marketing",BAC+2,,Lieu de service : Abidjan Cocody Angré CHU,11/03/2025,"ous êtes dynamique, organisée et passionnée par le marketing et la communication ? Rejoignez Geny's Group en tant qu’Assistante du Directeur Général pour un stage de 6 mois.

Profil recherché :

Formation en marketing, vente, communication ou domaine similaire

Bonne maîtrise des réseaux sociaux et des outils de communication digitale

Excellentes compétences en communication orale et écrite

Sens de l'organisation et capacité à travailler en autonomie",,,,,"Description du posteous êtes dynamique, organisée et passionnée par le marketing et la communication ? Rejoignez Geny's Group en tant qu’Assistante du Directeur Général pour un stage de 6 mois.

Profil recherché :

Formation en marketing, vente, communication ou domaine similaire

Bonne maîtrise des réseaux sociaux et des outils de communication digitale

Excellentes compétences en communication orale et écrite

Sens de l'organisation et capacité à travailler en autonomieProfil du posteous êtes dynamique, organisée et passionnée par le marketing et la communication ? Rejoignez Geny's Group en tant qu’Assistante du Directeur Général pour un stage de 6 mois.

Profil recherché :

Formation en marketing, vente, communication ou domaine similaire

Bonne maîtrise des réseaux sociaux et des outils de communication digitale

Excellentes compétences en communication orale et écrite

Sens de l'organisation et capacité à travailler en autonomie

Conditions du stage :

Durée : 6 mois

Prime : 60 000 FCFA / moisDossiers de candidatureComment postuler ?

Envoyez votre CV à l’adresse suivante :
📩 recrutementgkgroup@gmail.com"
Stage,COMMERCIALE,https://emploi.educarriere.ci/offre-129962-commerciale.html,129962,125785,11/03/2025,14/03/2025,"Communication, Commerce/Ventes",BAC+2,1 ans,COCODY RIVIERA PALMERAIE,11/03/2025,"Notre entreprise recherche une stagiaire Commerciale pour rejoindre notre équipe. Si vous souhaitez acquérir une expérience dans le domaine professionnel, alors cette opportunité est faite pour vous !

Missions:

Prospecter de nouveaux clients et entretenir des relations commerciales.
Participer à la gestion des portefeuilles clients.
Collaborer à la mise en œuvre de nos stratégies commerciales.
Analyser les besoins clients et proposer des solutions adaptées.
Contribuer à l’atteinte des objectifs commerciaux de l’entreprise.",,,,,"Description du posteNotre entreprise recherche une stagiaire Commerciale pour rejoindre notre équipe. Si vous souhaitez acquérir une expérience dans le domaine professionnel, alors cette opportunité est faite pour vous !

Missions:

Prospecter de nouveaux clients et entretenir des relations commerciales.
Participer à la gestion des portefeuilles clients.
Collaborer à la mise en œuvre de nos stratégies commerciales.
Analyser les besoins clients et proposer des solutions adaptées.
Contribuer à l’atteinte des objectifs commerciaux de l’entreprise.Profil du posteProfil souhaité
Étudiante en commerce, marketing ou équivalent.
Bonne capacité relationnelle et goût pour le contact client.
Organisé(e), autonome et force de proposition.
Maitrise des outils informatiques.
Instructions pour postulerDossiers de candidaturePour postuler, veuillez envoyer votre cv à cette adresse : cabinetcarrick@gmail.com"
Stage,ASSISTANT PARC AUTO,https://emploi.educarriere.ci/offre-129961-assistant-parc-auto.html,129961,125784,11/03/2025,31/03/2025,Logistique/Transport,BAC+3,,"Abidjan , Cocody",11/03/2025,"- Suivi administratif des véhicules : immatriculations, assurances, visites techniques, renouvellement des documents légaux.
- Planification et suivi des entretiens et réparations en collaboration avec les prestataires externes.
- Suivi des consommations de carburant et contrôle des relevés kilométriques.
- Participation à la gestion des sinistres (déclaration, constitution des dossiers d’assurance).
- Mise à jour de la base de données du parc automobile (tableaux de bord, indicateurs de suivi).
- Suivi des affectations de véhicules et élaboration des plannings d’utilisation.
- Appui à l’organisation logistique liée à la flotte de véhicules (distribution des badges, gestion des clés, etc.).
- Participation à l’élaboration de rapports d’activité et propositions d’amélioration pour la gestion du parc.",,,,,"Description du poste- Suivi administratif des véhicules : immatriculations, assurances, visites techniques, renouvellement des documents légaux.
- Planification et suivi des entretiens et réparations en collaboration avec les prestataires externes.
- Suivi des consommations de carburant et contrôle des relevés kilométriques.
- Participation à la gestion des sinistres (déclaration, constitution des dossiers d’assurance).
- Mise à jour de la base de données du parc automobile (tableaux de bord, indicateurs de suivi).
- Suivi des affectations de véhicules et élaboration des plannings d’utilisation.
- Appui à l’organisation logistique liée à la flotte de véhicules (distribution des badges, gestion des clés, etc.).
- Participation à l’élaboration de rapports d’activité et propositions d’amélioration pour la gestion du parc.Profil du poste- Formation : Bac +2 minimum en Logistique, Transport, Gestion, Administration ou filière équivalente.
- Maîtrise des outils bureautiques (Excel, Word).
- Rigueur, organisation et sens du détail.
- Aisance relationnelle et goût pour le travail en équipe.
- Une connaissance basique de la mécanique automobile serait un plus.
- Permis de conduire (souhaité mais non obligatoire).

Ce que nous offrons :
- Une expérience enrichissante dans la gestion de flotte automobile au sein d’une équipe dynamique.
- Opportunité d’acquérir une vision pratique de la logistique et de la gestion administrative d’un parc automobile.
- Encadrement et formation sur les outils et process internes.
- Possibilité d’évolution vers d’autres missions selon les besoins et votre implication.Dossiers de candidatureMerci d’envoyer votre CV à l’adresse suivante : recruitment.ci@reimegroup.com
Date limite de candidature : 31 mars 2025."
Emploi,RESPONSABLE CARRIERE,https://emploi.educarriere.ci/offre-129960-responsable-carriere.html,129960,125783,11/03/2025,24/03/2025,"Génie Civil/Travaux publics, Mines/Géologie/Pétrole",BAC+5,7 ans,Abidjan et villes intérieurs du pays,11/03/2025,"Prestataire de services en Côte d’Ivoire – mais intervenant aussi dans la sous-région, EMERGIM SA est une société, de travaux publics et de construction fondée en 2014.
La société a connu une ascension constante au cours des années en passant de SARL à SA – montrant ainsi sa capacité de résilience et son professionnalisme qui a su convaincre et rassurer ses partenaires. Entreprise de BTP-Génie Civil apte et spécialisée dans la réalisation de tous types de marchés (publics / privés), EMERGIM SA intervient non seulement dans les Travaux Routiers, de concassage mais aussi dans l’Energie et l’Electricité. S’étant dotée de collaborateurs experts dans leurs domaines d’interventions techniques et particulièrement pointilleux, EMERGIM SA sait compter sur leur réactivité et leurs niveaux de compétences pour se démarquer des entreprises évoluant dans le secteur du BTP


Pour les besoins de nos activités nous recrutons un Responsable/chef carrière qui sera chargé de :

• Veiller au rendement du chantier
• Superviser les travaux des différentes équipes en place sur le chantier
• Animer, coordonner et manager les équipes
• Contrôler les procédures de production
• Conduire les actions d’amélioration continue
• Relayer l’ensemble des informations nécessaires au bon fonctionnement de ses équipes
• Identifier les dysfonctionnements et y pallier
• Assurer le reporting et le suivi des données de production
• Partager et veiller à ce que les Bonnes Pratiques et règles de sécurité soient appliquées par tous les collaborateurs",,,,,"Description du postePrestataire de services en Côte d’Ivoire – mais intervenant aussi dans la sous-région, EMERGIM SA est une société, de travaux publics et de construction fondée en 2014.
La société a connu une ascension constante au cours des années en passant de SARL à SA – montrant ainsi sa capacité de résilience et son professionnalisme qui a su convaincre et rassurer ses partenaires. Entreprise de BTP-Génie Civil apte et spécialisée dans la réalisation de tous types de marchés (publics / privés), EMERGIM SA intervient non seulement dans les Travaux Routiers, de concassage mais aussi dans l’Energie et l’Electricité. S’étant dotée de collaborateurs experts dans leurs domaines d’interventions techniques et particulièrement pointilleux, EMERGIM SA sait compter sur leur réactivité et leurs niveaux de compétences pour se démarquer des entreprises évoluant dans le secteur du BTP


Pour les besoins de nos activités nous recrutons un Responsable/chef carrière qui sera chargé de :

• Veiller au rendement du chantier
• Superviser les travaux des différentes équipes en place sur le chantier
• Animer, coordonner et manager les équipes
• Contrôler les procédures de production
• Conduire les actions d’amélioration continue
• Relayer l’ensemble des informations nécessaires au bon fonctionnement de ses équipes
• Identifier les dysfonctionnements et y pallier
• Assurer le reporting et le suivi des données de production
• Partager et veiller à ce que les Bonnes Pratiques et règles de sécurité soient appliquées par tous les collaborateursProfil du posteNous recrutons un Collaborateur
- possédant :
1- au minimum 7 années d'expériences aux postes indiqués et 5 années minimum dans une entreprise de BTP
2- Des connaissances théoriques et pratiques sur tous les aspects de BTP et concassage
3- avoir travaillé 3 ans au minimum dans une carrière serait un atout

COMPETENCES :
Le candidat doit posséder les aptitudes professionnelles suivantes :
Pragmatisme, Dynamisme, Anticipation, Communication, Contrôle, Esprit d’équipe, Rigueur, méthode, réactivité, Disponibilité, grande capacité de travail, MéticuleuxDossiers de candidatureVous avez envie d’intégrer une entreprise dynamique, favorisant l’autonomie et l’initiative ?
Alors, l’opportunité que nous offrons doit vous intéresser, sachez la saisir, rejoignez-nous ! 
Pour faire acte de candidature, merci d’adresser votre CV  arquette.konan@emergim.ci
Aucun document (CV / Lettre de motivation) en version papier ne sera reçu.
Nous nous réservons le droit de ne répondre qu’aux dossiers présélectionnés."
Stage,VENDEUSE,https://emploi.educarriere.ci/offre-129959-vendeuse.html,129959,125782,11/03/2025,24/03/2025,"Caisse, Commerce/Ventes",Terminale,2 ans,"Abidjan, Cocody, 2 Plateau, Aghien",11/03/2025,"Formation Pré-emploi basée sur les aspects suivants
- Accueillir la clientèle;
- Vendre les produits de la boutique;
- Fidéliser la clientèle en valorisant l'image et en respectant l'esprit de l’entreprise;
- Participer à la bonne tenue du magasin et des vitrines;
- Gérer le stock et la caisse",,,,,"Description du posteFormation Pré-emploi basée sur les aspects suivants
- Accueillir la clientèle;
- Vendre les produits de la boutique;
- Fidéliser la clientèle en valorisant l'image et en respectant l'esprit de l’entreprise;
- Participer à la bonne tenue du magasin et des vitrines;
- Gérer le stock et la caisseProfil du poste- Avoir le sens de la reparti, une bonne écoute active;
- Avoir des qualités relationnelles;
- Etre dynamique et enthousiaste;
- Etre capable de travailler en équipe ;
- Etre attentif;
- Avoir le sens de l'initiative et capacité à proposer des améliorations et des mesures correctives selon les besoins des clients.
- Résider non loin de AghienDossiers de candidatureCV + Lettre de motivation à altessrecrutement@gmail.com"
Consultance,ENCADREUR LITTERAIRE BILINGUE,https://emploi.educarriere.ci/offre-129958-encadreur-litteraire-bilingue.html,129958,125781,11/03/2025,24/03/2025,Education/Enseignement,BAC+3,1 ans,Côte d'Ivoire,11/03/2025,"MONPROFCHEZMOI, entreprise spécialisée dans le soutien scolaire, la formation pour adultes et l'accompagnement des enfants dys, recherche urgemment un encadreur pour un apprenant en classe de CE2 inscrit au programme bilingue résidant à Feh Kessé/cité immobilière 5 à raison de 2 séances de 1h30 par semaine.",,,,,"Description du posteMONPROFCHEZMOI, entreprise spécialisée dans le soutien scolaire, la formation pour adultes et l'accompagnement des enfants dys, recherche urgemment un encadreur pour un apprenant en classe de CE2 inscrit au programme bilingue résidant à Feh Kessé/cité immobilière 5 à raison de 2 séances de 1h30 par semaine.Profil du poste- Justifier 1 an d'expérience ou plus dans l'enseignement du programme bilingue ;
- Justifier d'une bonne base en Anglais ;
- Résider/exercer à proximité de la zone serait un atout ;Dossiers de candidatureCV à envoyer à recrutement@monprofchezmoi-ci.com avec pour intitulé ""Encadreur littéraire bilingue"""
Consultance,ENCADREUR DE ALLEMAND,https://emploi.educarriere.ci/offre-129957-encadreur-de-allemand.html,129957,125780,11/03/2025,24/03/2025,Education/Enseignement,BAC+3,1 ans,Côte d'Ivoire,11/03/2025,"MONPROFCHEZMOI, entreprise spécialisée dans le soutien scolaire, la formation pour adultes et l'accompagnement des enfants dys, recherche urgemment un encadreur (Allemand ) pour leur apprenante en classe de 3e inscrit au programme ivoirien résidant à Feh Kessé/cité de grace à raison de 1 séances de 2h par semaine.",,,,,"Description du posteMONPROFCHEZMOI, entreprise spécialisée dans le soutien scolaire, la formation pour adultes et l'accompagnement des enfants dys, recherche urgemment un encadreur (Allemand ) pour leur apprenante en classe de 3e inscrit au programme ivoirien résidant à Feh Kessé/cité de grace à raison de 1 séances de 2h par semaine.Profil du poste- Justifier 1 an d'expérience ou plus dans l'enseignement de l'allemand
- Justifier d'une bonne base en Allemand
- Résider/exercer à proximité de la zone serait un atoutDossiers de candidatureCV à envoyer à recrutement@monprofchezmoi-ci.com avec pour intitulé ""Encadreur d'allemand"""
Stage,04 CONSEILLERS RELATION CLIENTÈLE STAGIAIRE,https://emploi.educarriere.ci/offre-129956-04-conseillers-relation-clientele-stagiaire.html,129956,125779,11/03/2025,24/03/2025,"Communication, Commerce/Ventes, Marketing","BAC+3, BAC+2",,Abidjan,11/03/2025,"04 Conseillers Relation Clientèle STAGIAIRE

Notre société recrute des Commerciaux Stagiaires. Ils auront pour mission d’appeler pour vendre des produits et services.",,,,,"Description du poste04 Conseillers Relation Clientèle STAGIAIRE

Notre société recrute des Commerciaux Stagiaires. Ils auront pour mission d’appeler pour vendre des produits et services.Profil du postePROFIL 

Être bon vendeur ou commercial 
BAC+2 minimum en Gestion CommercialeDossiers de candidaturePOSTULER ICI 

https://forms.gle/po2qiLfH8BuKMATF7"
Freelance,COMMUNITY MANAGER,https://emploi.educarriere.ci/offre-129955-nous-recrutons-des-community-manager.html,129955,125778,11/03/2025,24/03/2025,"Communication, Infographie, Informatique de Gestion",BAC+2,2 ans,"abidjan - koumassi, non loin de la place Inch'alla",11/03/2025,CACAO COMMUNICATION,"Nous sommes un atelier de décoration publicitaire et de vente de machines et supports d'imprimerie. Dans le cadre du developpement de nos activités, nous récrutons un COMMUNITY MANAGER qui devra gérer notre communication sur les réseaux sociaux","- Avoir une maîtrise des logiciels Photoshop et Illustrator - Avoir une maîtrise de la communication sur les reseaux sociaux : LinkedIn, Facebook, TikTok, X, WhatsApp, Instagram, ... - Etre organisé et ponctuel - Pouvoir travailler sur pression",direction.cacao@gmail.com,direction.cacao@gmail.com,"CACAO COMMUNICATION
recrute
COMMUNITY MANAGER
 
Description du poste
Nous sommes un atelier de décoration publicitaire et de vente de machines et supports d'imprimerie. Dans le cadre du developpement de nos activités, nous récrutons un COMMUNITY MANAGER qui devra gérer notre communication sur les réseaux sociaux
Profil du poste
- Avoir une maîtrise des logiciels Photoshop et Illustrator - Avoir une maîtrise de la communication sur les reseaux sociaux : LinkedIn, Facebook, TikTok, X, WhatsApp, Instagram, ... - Etre organisé et ponctuel - Pouvoir travailler sur pression
Dossiers de candidature
direction.cacao@gmail.com"
Freelance,DEVELOPPEUR,https://emploi.educarriere.ci/offre-129954-developpeur.html,129954,125777,11/03/2025,28/03/2025,Informatique,"BAC+7 et plus, BAC+6, BAC+5, BAC+4",5 ans,Angré DJOROGOBITE,11/03/2025,"Une entreprise recherche pour son compte un développeur, expert dans le domaine. Vos principales responsabilités :
        •       Concevoir et développer des applications performantes et évolutives.

	•	Participer aux choix d’architecture technique et assurer la qualité du code.

	•	Optimiser les performances et assurer la sécurité des applications.

	•	Travailler en collaboration avec le développeur.

	•	Assurer une veille technologique et proposer des améliorations.

	•	Collaborer avec les autres équipes.",,,,,"Description du posteUne entreprise recherche pour son compte un développeur, expert dans le domaine. Vos principales responsabilités :
        •       Concevoir et développer des applications performantes et évolutives.

	•	Participer aux choix d’architecture technique et assurer la qualité du code.

	•	Optimiser les performances et assurer la sécurité des applications.

	•	Travailler en collaboration avec le développeur.

	•	Assurer une veille technologique et proposer des améliorations.

	•	Collaborer avec les autres équipes.Profil du posteExpérience significative (+5 ans) en développement logiciel.
 Maîtrise d’un ou plusieurs langages : [ex : JavaScript (Node.js, React), Python, Java, C#, etc.].
 Excellente compréhension des architectures web, microservices et bases de données.
 Expérience avec les outils DevOps et CI/CD.
 Compétences en optimisation de performance et cybersécurité.
 Capacité à encadrer une équipe et à partager ses connaissances.
 Bonne communication et esprit d’analyse.Dossiers de candidatureCV à l'adresse info@numerys.ci"
Emploi,MAJORDOME EXPÉRIMENTÉ(E),https://emploi.educarriere.ci/offre-129953-majordome-experimentee.html,129953,125776,11/03/2025,01/04/2025,"Entretien/Nettoyage, Hôtellerie/Restauration",BEP,2 ans,ANGRÉE SAINT VIATEUR,11/03/2025,"Nous recherchons un(e) majordome expérimenté(e) pour un poste à plein temps à Abidjan, du lundi au vendredi.

📌 Description du poste :
En tant que majordome, vous serez responsable de garantir un service haut de gamme en assurant les tâches suivantes : ✔ Entretien et ménage minutieux de l’ensemble du domicile ✔ Préparation et service de repas européens avec une attention particulière à la présentation et au goût ✔ Gestion des stocks alimentaires et produits d’entretien ✔ Organisation et mise en ordre des espaces de vie ✔ Accueil et service aux invités, selon les standards des hôtels de luxe ✔ Réception et gestion des livraisons ✔ Suivi et coordination des prestataires externes (plombiers, électriciens, etc.) si nécessaire

📅 Conditions de travail :
📆 Horaires : Du lundi au vendredi 📍 Lieu : Angre St viateur 💼 Contrat : Temps plein",,,,,"Description du posteNous recherchons un(e) majordome expérimenté(e) pour un poste à plein temps à Abidjan, du lundi au vendredi.

📌 Description du poste :
En tant que majordome, vous serez responsable de garantir un service haut de gamme en assurant les tâches suivantes : ✔ Entretien et ménage minutieux de l’ensemble du domicile ✔ Préparation et service de repas européens avec une attention particulière à la présentation et au goût ✔ Gestion des stocks alimentaires et produits d’entretien ✔ Organisation et mise en ordre des espaces de vie ✔ Accueil et service aux invités, selon les standards des hôtels de luxe ✔ Réception et gestion des livraisons ✔ Suivi et coordination des prestataires externes (plombiers, électriciens, etc.) si nécessaire

📅 Conditions de travail :
📆 Horaires : Du lundi au vendredi 📍 Lieu : Angre St viateur 💼 Contrat : Temps pleinProfil du poste✅ Expérience professionnelle confirmée dans de grands hôtels ou établissements de luxe ✅ Excellentes compétences en entretien et ménage haut de gamme ✅ Maîtrise de la cuisine européenne et des techniques de dressage de table ✅ Bonne éloquence, capacité à bien s’exprimer et à interagir avec des clients exigeants ✅ Capacité à lire et comprendre des instructions avec rigueur et précision ✅ Personne sérieuse, discrète, organisée et autonomeDossiers de candidature📩 Comment postuler ?

Envoyez : ✔ Votre CV à jour ✔ Une note vocale (2 min minimum) expliquant :
* Votre parcours académique
* Votre expérience professionnelle ✔ Une présentation vidéo (2 min minimum) claire et cohérente, où vous vous exprimez correctement

📲 Candidature par WhatsApp : 👉 wa.me/2250585750181

Et/ou
 👉 +225 05 85 75 01 81


⚠ Seuls les profils retenus seront contactés.
 ⛔ Ne pas appeler directement – Toute candidature incomplète sera automatiquement rejetée."
Stage,STAGIAIRES MAINTENANCE INFORMATIQUE,https://emploi.educarriere.ci/offre-129952-stagiaires-maintenance-informatique.html,129952,125775,11/03/2025,24/03/2025,"Maintenance Informatique, Electronique, Electrotechnique/Electricité, Télécommunications","BAC+4, BAC+3, BAC+2",,Côte d'Ivoire,11/03/2025,"Assister aux tâches de:
-Support utilisateur et assistance technique
-Maintenance et réparation du matériel informatique
-Gestion des réseaux et infrastructures télécoms
-Sécurité informatique et cybersécurité
-Supervision des serveurs et systèmes informatiques
-Installation et configuration des équipements",,,,,"Description du posteAssister aux tâches de:
-Support utilisateur et assistance technique
-Maintenance et réparation du matériel informatique
-Gestion des réseaux et infrastructures télécoms
-Sécurité informatique et cybersécurité
-Supervision des serveurs et systèmes informatiques
-Installation et configuration des équipementsProfil du posteJeune fille ou garçon dynamique désireux d'acquérir de l'expérience à la maintenance informatique et résidence de préférence dans la commune de Yopougon.Dossiers de candidatureCV avec lieu de résidence à envoyer: hermann.sepi@gmail.com"
Consultance,ENCADREUR DE FRANCAIS,https://emploi.educarriere.ci/offre-129951-encadreur-de-francais.html,129951,125774,11/03/2025,24/03/2025,Education/Enseignement,BAC+3,1 ans,Côte d'Ivoire,11/03/2025,"MONPROFCHEZMOI, entreprise spécialisée dans le soutien scolaire, la formation pour adultes et l'accompagnement des enfants dys, recherche urgemment un encadreur de français pour leur apprenant en classe de Terminale inscrit au programme IB résidant à l'entrée de Bingerville à raison de 1 séance de 2h par semaine.",,,,,"Description du posteMONPROFCHEZMOI, entreprise spécialisée dans le soutien scolaire, la formation pour adultes et l'accompagnement des enfants dys, recherche urgemment un encadreur de français pour leur apprenant en classe de Terminale inscrit au programme IB résidant à l'entrée de Bingerville à raison de 1 séance de 2h par semaine.Profil du poste- Justifier 1 an d'expérience ou plus dans l'enseignement du français
- Justifier d'une formation de base en lettres modernes
- Résider/exercer à proximité de la zone serait un atoutDossiers de candidatureCV à envoyer à recrutement@monprofchezmoi-ci.com avec pour intitulé ""Encadreur de français"""
Consultance,ENCADREUR EN ALPHABETISATION,https://emploi.educarriere.ci/offre-129950-encadreur-en-alphabetisation.html,129950,125773,11/03/2025,24/03/2025,Education/Enseignement,BAC+3,1 ans,Côte d'Ivoire,11/03/2025,"MONPROFCHEZMOI, entreprise spécialisée dans le soutien scolaire, la formation pour adultes et l'accompagnement des enfants dys, recherche urgemment un encadreur en alphabétisation pour leur apprenante du niveau terminale résidant à la pharmacie Jules Verne à raison de 4 séances de 2h par semaine.",,,,,"Description du posteMONPROFCHEZMOI, entreprise spécialisée dans le soutien scolaire, la formation pour adultes et l'accompagnement des enfants dys, recherche urgemment un encadreur en alphabétisation pour leur apprenante du niveau terminale résidant à la pharmacie Jules Verne à raison de 4 séances de 2h par semaine.Profil du poste- Justifier 1 an d'expérience ou plus dans l'alphabétisation
- Résider/exercer à proximité de la zone serait un atoutDossiers de candidatureCV à envoyer à recrutement@monprofchezmoi-ci.com
Objet: ""Encadreur en alphabétisation """
Emploi,COURSIER,https://emploi.educarriere.ci/offre-129949-coursier.html,129949,125772,11/03/2025,31/03/2025,Communication,CAP,1 ans,Côte d'Ivoire,11/03/2025,"Une entreprise spécialisée dans le domaine de la quincaillerie, offrant une large gamme de produits allant des outils de bricolage aux équipements industriels et de construction, recherche pour son compte un coursier chargé d’assurer la livraison rapide et sécurisée de documents, colis ou marchandises d’un point A à un point B, en respectant les délais et les consignes de l’entreprise",,,,,"Description du posteUne entreprise spécialisée dans le domaine de la quincaillerie, offrant une large gamme de produits allant des outils de bricolage aux équipements industriels et de construction, recherche pour son compte un coursier chargé d’assurer la livraison rapide et sécurisée de documents, colis ou marchandises d’un point A à un point B, en respectant les délais et les consignes de l’entrepriseProfil du posteMissions principales :

-	Effectuer la livraison de documents, colis ou marchandises. 
-	Vérifier l’état et la conformité des colis avant la livraison. 
-	Planifier et optimiser les itinéraires de livraison. 
-	Respecter les délais de livraison fixés. 
-	Assurer un bon relationnel avec les clients et les destinataires. 
-	Gérer les documents de livraison (bons de livraison, signatures, etc.). 
-	 Respecter les règles de circulation et de sécurité. 
-	 Assurer l’entretien basique du véhicule utilisé (vélo, scooter, moto, voiture ou camionnette).

 	Compétences techniques
-	 Bonne connaissance de la ville et des itinéraires. 
-	 Maîtrise de la conduite du véhicule utilisé. 
-	Capacité à gérer plusieurs livraisons en même temps. 
-	Utilisation d’outils GPS et applications de suivi des livraisons. 

 	Qualités personnelles
-	Ponctualité et rigueur. 
-	 Bonne présentation et courtoisie. 
-	Sens du service et de la satisfaction client. 
-	Autonomie et sens de l’organisation. 
-	Résistance au stress et aux conditions climatiques.

 	Profil recherché
-	Formation : Pas de diplôme spécifique requis, mais un permis de conduire A et B obligatoire.
-	Expérience :  Avoir Une première expérience en livraison.
-	Avoir une moto serait un plus

 	Langues :

-	Français obligatoireDossiers de candidature•	Dossiers de candidature :
Merci d'envoyer votre CV et lettre de motivation, Une copie de la Cni et permis de conduire à l'adresse suivante :
Email : gertherh17@gmail.com
Objet : Candidature Coursier"
Emploi,SOUDEUR ALUMINOTHERMIQUE,https://emploi.educarriere.ci/offre-129948-soudeur-aluminothermique.html,129948,125771,11/03/2025,31/03/2025,"Chaudronnerie, Soudure","BAC+2, BAC+1, BAC, BT",3 ans,ABIDJAN,11/03/2025,"Nous recrutons pour une multinationale exerçant dans le BTP, des soudeurs aluminothermiques 

Ils/Elles auront pour mission de :

-Assurer l’exécution des travaux de soudage et/ou de remise en état des rails et appareils de voie en utilisant diverses techniques de soudage aluminothermique

-Coordonner avec le personnel chargé de prendre les mesures garantissant la sécurité du personnel et des circulations

-Respecte les consignes générales de sécurité sur les voies ferrées et porter obligatoirement les équipements de Protection Individuelle

-Informer son responsable des dysfonctionnements rencontrés

-Appliquer les consignes de tri sélectif sur chantier",,,,,"Description du posteNous recrutons pour une multinationale exerçant dans le BTP, des soudeurs aluminothermiques 

Ils/Elles auront pour mission de :

-Assurer l’exécution des travaux de soudage et/ou de remise en état des rails et appareils de voie en utilisant diverses techniques de soudage aluminothermique

-Coordonner avec le personnel chargé de prendre les mesures garantissant la sécurité du personnel et des circulations

-Respecte les consignes générales de sécurité sur les voies ferrées et porter obligatoirement les équipements de Protection Individuelle

-Informer son responsable des dysfonctionnements rencontrés

-Appliquer les consignes de tri sélectif sur chantierProfil du poste-Formation : Bac+2 en chaudronnerie ou équivalent

-Expérience : 3 ans d’expérience professionnelle dans le secteur du génie civil.

-Compétences et qualités liées au poste

•Avoir une bonne connaissance des systèmes mécaniques, génie civil, structures métalliques.

•Être capable de s’intégrer dans une équipe pluridisciplinaire et multiculturelle.

•Faire preuve de rigueur et d’organisation.

•Être capable de travailler sous pression.

•Être responsable de son travail.

-Lieu du poste : Abidjan

-Type de contrat : CDDDossiers de candidatureMerci de nous faire parvenir votre CV (avec trois références) + copie du diplôme à recrute@a2i-outsourcinghr.com ou postuler directement sur notre site web : www.a2i-outsourcinghr.com au plus tard le 31/03/2025"
Emploi,INGENIEUR D'ETUDE EN STRUCTURE,https://emploi.educarriere.ci/offre-129947-ingenieur-d-etude-en-structure.html,129947,125770,11/03/2025,24/03/2025,Génie Civil/Travaux publics,BAC+5,3 ans,Côte d'Ivoire,11/03/2025,"Nous recrutons en urgence pour l'un de nos partenaires, un ingénieur d'études en structure, professionnel, spécialisé dans la conception, l'analyse et la validation des structures porteuses d' ouvrages ayant pour rôle essentiel de garantir la sécurité, la stabilité et la durabilité des constructions.

Missions principales :

-Conception et calcul des structures : À partir des plans fournis par l'architecte, l'ingénieur détermine les dimensions et les matériaux appropriés pour les éléments structuraux (murs, poutres, dalles, etc.), en s'assurant de leur résistance et de leur stabilité. 


-Modélisation et simulation : Utilisation de logiciels de conception assistée par ordinateur (CAO) pour réaliser des modélisations 3D et des simulations, permettant de tester et d'optimiser les performances des structures avant leur réalisation. 


-Rédaction de documents techniques : Élaboration de notes de calcul, de plans d'exécution et de rapports détaillés justifiant les choix techniques et les solutions adoptées.

-Collaboration interdisciplinaire : Travail en étroite collaboration avec les architectes, les chefs de projet et d'autres ingénieurs (fluides, électricité, etc.) pour assurer la cohérence et l'intégration des différentes composantes du projet.

-Suivi de chantier : Participation occasionnelle aux réunions de chantier pour vérifier la conformité des travaux par rapport aux plans et aux spécifications, et adaptation des études en fonction des évolutions ou des imprévus rencontrés sur le terrain.",,,,,"Description du posteNous recrutons en urgence pour l'un de nos partenaires, un ingénieur d'études en structure, professionnel, spécialisé dans la conception, l'analyse et la validation des structures porteuses d' ouvrages ayant pour rôle essentiel de garantir la sécurité, la stabilité et la durabilité des constructions.

Missions principales :

-Conception et calcul des structures : À partir des plans fournis par l'architecte, l'ingénieur détermine les dimensions et les matériaux appropriés pour les éléments structuraux (murs, poutres, dalles, etc.), en s'assurant de leur résistance et de leur stabilité. 


-Modélisation et simulation : Utilisation de logiciels de conception assistée par ordinateur (CAO) pour réaliser des modélisations 3D et des simulations, permettant de tester et d'optimiser les performances des structures avant leur réalisation. 


-Rédaction de documents techniques : Élaboration de notes de calcul, de plans d'exécution et de rapports détaillés justifiant les choix techniques et les solutions adoptées.

-Collaboration interdisciplinaire : Travail en étroite collaboration avec les architectes, les chefs de projet et d'autres ingénieurs (fluides, électricité, etc.) pour assurer la cohérence et l'intégration des différentes composantes du projet.

-Suivi de chantier : Participation occasionnelle aux réunions de chantier pour vérifier la conformité des travaux par rapport aux plans et aux spécifications, et adaptation des études en fonction des évolutions ou des imprévus rencontrés sur le terrain.Profil du posteCompétences requises :

-Techniques : Solides connaissances en résistance des matériaux, en calcul de structures et en sciences des matériaux. Maîtrise des logiciels de CAO et de simulation (par exemple, Robot Structural Analysis, SAP2000...)

-Analytique : Capacité à effectuer des calculs complexes et à interpréter les résultats pour proposer des solutions optimales.

-Communication : Aptitude à rédiger des documents techniques clairs et à collaborer efficacement avec divers interlocuteurs.

-Adaptabilité : Capacité à s'ajuster aux évolutions du projet et à résoudre les problèmes techniques imprévus.

Formation et qualifications :

Diplôme requis : Bac+5 en génie civil, avec une spécialisation en structures, obtenu dans une école d'ingénieurs ou une université reconnue.

Expérience :3 ans d'expérience en bureau d'études ou en entreprise de construction est souvent appréciée.

Compétences supplémentaires : 

La maîtrise de l'anglais technique et des connaissances en réglementation locale de construction peuvent être des atouts.Dossiers de candidaturePrière faire parvenir votre CV à ""stephanie.goh@ksconsulting.ci"" en précisant en objet le poste."
Emploi,RESPONSABLE COMMERCIAL AYANT UNE EXPERIENCE SOLIDE DANS L'EX...,https://emploi.educarriere.ci/offre-129946-responsable-commercial-ayant-une-experience-solide-dans-l-export.html,129946,125769,11/03/2025,04/04/2025,Commerce/Ventes,BAC+5,8 ans,Abidjan,11/03/2025,"Elite Intérim CI recrute 01 Responsable Commercial ayant une expérience avérée en industrie et en Export. 

Il/Elle aura pour mission de développer et de fidéliser le portefeuille clients dans le secteur industriel, tout en pilotant les activités d'export. Il/Elle sera en charge de définir et mettre en œuvre la stratégie commerciale pour atteindre les objectifs de chiffre d'affaires et de rentabilité. 

✅ 1 - Responsabilités : 

Stratégie Commerciale :
. Définir et mettre en œuvre la stratégie commerciale en adéquation avec les objectifs de l'entreprise.
. Identifier de nouveaux marchés et opportunités business, notamment à l'international.
. Analyser les tendances du marché et adapter l'offre en conséquence. 

Gestion du Portefeuille Clients :
. Développer et fidéliser un portefeuille clients dans le secteur industriel.
. Négocier les contrats et assurer un suivi rigoureux des commandes.
. Maintenir des relations de confiance avec les clients clés. 

Activités d'Export :
. Piloter les opérations d'export, de la prospection à la livraison.
. Assurer le respect des réglementations internationales et des procédures douanières.
. Collaborer avec les partenaires logistiques et les distributeurs à l'étranger. 

Management d'Équipe :
. Encadrer et animer une équipe commerciale.
. Former et accompagner les collaborateurs dans l'atteinte de leurs objectifs. 

Reporting et Analyse :
. Élaborer des rapports d'activité et des prévisions de ventes.
. Analyser les performances commerciales et proposer des plans d'action correctifs.",,,,,"Description du posteElite Intérim CI recrute 01 Responsable Commercial ayant une expérience avérée en industrie et en Export. 

Il/Elle aura pour mission de développer et de fidéliser le portefeuille clients dans le secteur industriel, tout en pilotant les activités d'export. Il/Elle sera en charge de définir et mettre en œuvre la stratégie commerciale pour atteindre les objectifs de chiffre d'affaires et de rentabilité. 

✅ 1 - Responsabilités : 

Stratégie Commerciale :
. Définir et mettre en œuvre la stratégie commerciale en adéquation avec les objectifs de l'entreprise.
. Identifier de nouveaux marchés et opportunités business, notamment à l'international.
. Analyser les tendances du marché et adapter l'offre en conséquence. 

Gestion du Portefeuille Clients :
. Développer et fidéliser un portefeuille clients dans le secteur industriel.
. Négocier les contrats et assurer un suivi rigoureux des commandes.
. Maintenir des relations de confiance avec les clients clés. 

Activités d'Export :
. Piloter les opérations d'export, de la prospection à la livraison.
. Assurer le respect des réglementations internationales et des procédures douanières.
. Collaborer avec les partenaires logistiques et les distributeurs à l'étranger. 

Management d'Équipe :
. Encadrer et animer une équipe commerciale.
. Former et accompagner les collaborateurs dans l'atteinte de leurs objectifs. 

Reporting et Analyse :
. Élaborer des rapports d'activité et des prévisions de ventes.
. Analyser les performances commerciales et proposer des plans d'action correctifs.Profil du poste✅ 2 - Profil Recherché : 

Formation :
. Diplôme de niveau Bac+5 en Commerce, Marketing, ou équivalent.
. Spécialisation en Commerce International ou Industrie est un plus. 

Expérience :
. Minimum 07 ans d'expérience dans un poste similaire, avec une expertise avérée dans le secteur industriel et l'export.
. Expérience dans la gestion de clients internationaux et la négociation de contrats complexes. 

Compétences Techniques :
. Maîtrise des outils CRM et des logiciels de gestion commerciale.
. Connaissance des réglementations douanières et des incoterms.
. Excellente maîtrise de l'anglais (oral et écrit) serait un atout. 

Qualités Personnelles :
. Leadership et esprit d'équipe.
. Grande capacité de négociation et de persuasion.
. Résistance au stress et capacité à travailler dans un environnement international.
. Mobilité internationale fréquente.Dossiers de candidaturePour candidater, vous pouvez nous faire parvenir votre CV à l'adresse recrutement@eliteinterim.ci en mentionnant en objet de votre mail ""Responsable Commercial Export""."
Stage,STAGIAIRE COMMERCIAL,https://emploi.educarriere.ci/offre-129945-stagiaire-commercial.html,129945,125768,11/03/2025,24/03/2025,Sécurité/Défense,BAC+2,,DJOROBIBITE 1 CITE SIR,11/03/2025,"Description de l'entreprise :
RADIANT ASSISTANCE SECURITY est une entreprise dynamique et en pleine croissance spécialisée dans le gardiennage et la sécurité électronique. Nous nous engageons à offrir à nos clients des solutions innovantes et de qualité. Dans le cadre de notre développement, nous recherchons un stagiaire commercial motivé pour renforcer notre équipe de prospection.
Missions :
En tant que stagiaire commercial, tes principales missions seront les suivantes :
•	Identifier et prospecter de nouveaux clients potentiels (téléphone, emails, réseaux sociaux).
•	Participer à l’élaboration des stratégies de prospection et de démarchage.
•	Qualifier les prospects et obtenir des informations clés pour enrichir notre base de données.
•	Assurer un suivi régulier des prospects et mettre à jour le CRM.
•	Participer à la préparation des offres commerciales et des présentations produits.
•	Contribuer à l’analyse des besoins clients et à la mise en place de solutions adaptées.
•	Assister l’équipe commerciale dans la préparation des rendez-vous clients.",,,,,"Description du posteDescription de l'entreprise :
RADIANT ASSISTANCE SECURITY est une entreprise dynamique et en pleine croissance spécialisée dans le gardiennage et la sécurité électronique. Nous nous engageons à offrir à nos clients des solutions innovantes et de qualité. Dans le cadre de notre développement, nous recherchons un stagiaire commercial motivé pour renforcer notre équipe de prospection.
Missions :
En tant que stagiaire commercial, tes principales missions seront les suivantes :
•	Identifier et prospecter de nouveaux clients potentiels (téléphone, emails, réseaux sociaux).
•	Participer à l’élaboration des stratégies de prospection et de démarchage.
•	Qualifier les prospects et obtenir des informations clés pour enrichir notre base de données.
•	Assurer un suivi régulier des prospects et mettre à jour le CRM.
•	Participer à la préparation des offres commerciales et des présentations produits.
•	Contribuer à l’analyse des besoins clients et à la mise en place de solutions adaptées.
•	Assister l’équipe commerciale dans la préparation des rendez-vous clients.Profil du posteProfil recherché :
•	Tu es étudiant(e) en Bac+2/3 (Commerce, Marketing, Gestion) ou dans une formation similaire.
•	Tu as une première expérience en prospection ou dans un environnement commercial (stage, job étudiant, etc.).
•	Tu es à l’aise avec les outils bureautiques (Pack Office, CRM, etc.) et tu as une bonne maîtrise des réseaux sociaux.
•	Dynamique, persévérant(e) et motivé(e), tu as une forte capacité à t’adapter et à apprendre rapidement.
•	Excellent relationnel et sens du contact, tu sais convaincre et communiquer efficacement.
•	Autonomie, rigueur et organisation sont des qualités que tu sais mettre en avant.
Conditions :
•	Durée du stage : [1 à 3 mois en fonction de la performance du commercial]
•	Début du stage : [01 avril 2025]
•	Lieu du stage : DJOROBITE1 CITE SIR]
•	Rémunération : [Une prime de transport sera allouée à chaque commercial]
•	Avantages : [Téléphone et dotation flotte]Dossiers de candidaturePourquoi rejoindre [RADIANT ASSISTANCE SECURITY] ?
•	Une expérience enrichissante dans une entreprise en forte croissance.
•	L'opportunité de développer des compétences commerciales concrètes.
•	Un environnement dynamique et bienveillant, avec des opportunités d'évolution.
•	Une équipe soudée et passionnée par son travail.
Si tu es prêt(e) à relever ce défi et à contribuer activement à notre développement commercial, n’hésite pas à nous envoyer ta candidature (CV + lettre de motivation) à l'adresse suivante : cv@radiant.ci OU APPELEW AU 01 50 00 70 07"
Emploi,COMMERCIAL MOTORISÉ,https://emploi.educarriere.ci/offre-129944-commercial-motorise.html,129944,125767,11/03/2025,24/03/2025,Commerce/Ventes,BEPC,1 ans,ABIDJAN,11/03/2025,"* Prospection et vente de produits alimentaires et détergents
*suivre son portefeuille clients et organiser son action commerciale",,,,,"Description du poste* Prospection et vente de produits alimentaires et détergents
*suivre son portefeuille clients et organiser son action commercialeProfil du poste*sociable, respectueux et courageuxDossiers de candidature_ Permis de conduire toutes catégories
_ Copie valide CNI
_ Certificat de résidence
_ Casier judiciaire

Email de candidature
rh@groupeophir.com"
